
[
  {
  "_id": {
    "$oid": "64cb7c74b23159bfb3bf1789"
  },
  "title": "我的第一篇文章",
  "content": "这个博客是我一个人从0开始写的，所有的功能都有我本人实现，由",
  "sketch": "这个博客是我一个人",
  "imgs": "3434ww3",
  "comments": [],
  "likes": 0,
  "views": 0,
  "createdAt": {
    "$date": "2023-08-03T10:07:48.889Z"
  }
},
{
  "_id": {
    "$oid": "64cb7c76b23159bfb3bf178b"
  },
  "title": "我的第一篇文章",
  "content": "这个博客是我一个人从0开始写的，所有的功能都有我本人实现，由",
  "sketch": "这个博客是我一个人",
  "imgs": "3434ww3",
  "comments": [],
  "likes": 0,
  "views": 0,
  "createdAt": {
    "$date": "2023-08-03T10:07:50.060Z"
  }
},
{
  "_id": {
    "$oid": "64cb7c76b23159bfb3bf178d"
  },
  "title": "我的第一篇文章",
  "content": "这个博客是我一个人从0开始写的，所有的功能都有我本人实现，由",
  "sketch": "这个博客是我一个人",
  "imgs": "3434ww3",
  "comments": [],
  "likes": 0,
  "views": 0,
  "createdAt": {
    "$date": "2023-08-03T10:07:50.765Z"
  }
},
{
  "_id": {
    "$oid": "64cb7c77b23159bfb3bf178f"
  },
  "title": "我的第一篇文章",
  "content": "这个博客是我一个人从0开始写的，所有的功能都有我本人实现，由",
  "sketch": "这个博客是我一个人",
  "imgs": "3434ww3",
  "comments": [],
  "likes": 0,
  "views": 0,
  "createdAt": {
    "$date": "2023-08-03T10:07:51.327Z"
  }
},
{
  "_id": {
    "$oid": "64cb7c77b23159bfb3bf1791"
  },
  "title": "我的第一篇文章",
  "content": "这个博客是我一个人从0开始写的，所有的功能都有我本人实现，由",
  "sketch": "这个博客是我一个人",
  "imgs": "3434ww3",
  "comments": [],
  "likes": 0,
  "views": 0,
  "createdAt": {
    "$date": "2023-08-03T10:07:51.846Z"
  }
},
{
  "_id": {
    "$oid": "64cb7c78b23159bfb3bf1793"
  },
  "title": "我的第一篇文章",
  "content": "这个博客是我一个人从0开始写的，所有的功能都有我本人实现，由",
  "sketch": "这个博客是我一个人",
  "imgs": "3434ww3",
  "comments": [],
  "likes": 0,
  "views": 0,
  "createdAt": {
    "$date": "2023-08-03T10:07:52.328Z"
  }
}]